periode,date,ipc
2024-03,2024-03-01,119.47
2024-02,2024-02-01,119.21
2024-01,2024-01-01,118.19
2023-12,2023-12-01,118.39
2023-11,2023-11-01,118.23
2023-10,2023-10-01,118.43
2023-09,2023-09-01,118.26
2023-08,2023-08-01,118.89
2023-07,2023-07-01,117.71
2023-06,2023-06-01,117.65
2023-05,2023-05-01,117.44
2023-04,2023-04-01,117.5
2023-03,2023-03-01,116.79
2023-02,2023-02-01,115.78
2023-01,2023-01-01,114.6
2022-12,2022-12-01,114.16
2022-11,2022-11-01,114.26
2022-10,2022-10-01,113.9
2022-09,2022-09-01,112.74
2022-08,2022-08-01,113.38
2022-07,2022-07-01,112.87
2022-06,2022-06-01,112.55
2022-05,2022-05-01,111.72
2022-04,2022-04-01,110.97
2022-03,2022-03-01,110.49
2022-02,2022-02-01,108.94
2022-01,2022-01-01,108.12
2021-12,2021-12-01,107.85
2021-11,2021-11-01,107.64
2021-10,2021-10-01,107.25
2021-09,2021-09-01,106.81
2021-08,2021-08-01,107.05
2021-07,2021-07-01,106.4
2021-06,2021-06-01,106.34
2021-05,2021-05-01,106.2
2021-04,2021-04-01,105.86
2021-03,2021-03-01,105.75
2021-02,2021-02-01,105.12
2021-01,2021-01-01,105.12
2020-12,2020-12-01,104.96
2020-11,2020-11-01,104.73
2020-10,2020-10-01,104.51
2020-09,2020-09-01,104.55
2020-08,2020-08-01,105.09
2020-07,2020-07-01,105.19
2020-06,2020-06-01,104.79
2020-05,2020-05-01,104.71
2020-04,2020-04-01,104.56
2020-03,2020-03-01,104.59
2020-02,2020-02-01,104.53
2020-01,2020-01-01,104.54
2019-12,2019-12-01,104.98
2019-11,2019-11-01,104.52
2019-10,2019-10-01,104.46
2019-09,2019-09-01,104.5
2019-08,2019-08-01,104.86
2019-07,2019-07-01,104.38
2019-06,2019-06-01,104.58
2019-05,2019-05-01,104.33
2019-04,2019-04-01,104.22
2019-03,2019-03-01,103.89
2019-02,2019-02-01,103.06
2019-01,2019-01-01,103.01
2018-12,2018-12-01,103.47
2018-11,2018-11-01,103.45
2018-10,2018-10-01,103.67
2018-09,2018-09-01,103.56
2018-08,2018-08-01,103.78
2018-07,2018-07-01,103.28
2018-06,2018-06-01,103.37
2018-05,2018-05-01,103.36
2018-04,2018-04-01,102.92
2018-03,2018-03-01,102.75
2018-02,2018-02-01,101.72
2018-01,2018-01-01,101.75
2017-12,2017-12-01,101.85
2017-11,2017-11-01,101.53
2017-10,2017-10-01,101.43
2017-09,2017-09-01,101.33
2017-08,2017-08-01,101.49
2017-07,2017-07-01,100.97
2017-06,2017-06-01,101.32
2017-05,2017-05-01,101.31
2017-04,2017-04-01,101.26
2017-03,2017-03-01,101.17
2017-02,2017-02-01,100.53
2017-01,2017-01-01,100.41
2016-12,2016-12-01,100.65
2016-11,2016-11-01,100.35
2016-10,2016-10-01,100.37
2016-09,2016-09-01,100.34
2016-08,2016-08-01,100.58
2016-07,2016-07-01,100.25
2016-06,2016-06-01,100.63
2016-05,2016-05-01,100.5
2016-04,2016-04-01,100.09
2016-03,2016-03-01,100.02
2016-02,2016-02-01,99.33
2016-01,2016-01-01,99.08
2015-12,2015-12-01,100.04
2015-11,2015-11-01,99.82
2015-10,2015-10-01,100.01
2015-09,2015-09-01,99.95
2015-08,2015-08-01,100.35
2015-07,2015-07-01,100.03
2015-06,2015-06-01,100.44
2015-05,2015-05-01,100.52
2015-04,2015-04-01,100.28
2015-03,2015-03-01,100.17
2015-02,2015-02-01,99.52
2015-01,2015-01-01,98.86
2014-12,2014-12-01,99.86
2014-11,2014-11-01,99.78
2014-10,2014-10-01,99.95
2014-09,2014-09-01,99.92
2014-08,2014-08-01,100.3
2014-07,2014-07-01,99.86
2014-06,2014-06-01,100.18
2014-05,2014-05-01,100.22
2014-04,2014-04-01,100.2
2014-03,2014-03-01,100.24
2014-02,2014-02-01,99.79
2014-01,2014-01-01,99.24
2013-12,2013-12-01,99.8
2013-11,2013-11-01,99.46
2013-10,2013-10-01,99.5
2013-09,2013-09-01,99.63
2013-08,2013-08-01,99.86
2013-07,2013-07-01,99.4
2013-06,2013-06-01,99.7
2013-05,2013-05-01,99.54
2013-04,2013-04-01,99.48
2013-03,2013-03-01,99.63
2013-02,2013-02-01,98.88
2013-01,2013-01-01,98.6
2012-12,2012-12-01,99.1
2012-11,2012-11-01,98.79
2012-10,2012-10-01,98.94
2012-09,2012-09-01,98.76
2012-08,2012-08-01,99
2012-07,2012-07-01,98.35
2012-06,2012-06-01,98.78
2012-05,2012-05-01,98.75
2012-04,2012-04-01,98.8
2012-03,2012-03-01,98.67
2012-02,2012-02-01,97.86
2012-01,2012-01-01,97.46
2011-12,2011-12-01,97.8
2011-11,2011-11-01,97.41
2011-10,2011-10-01,97.14
2011-09,2011-09-01,96.91
2011-08,2011-08-01,96.98
2011-07,2011-07-01,96.48
2011-06,2011-06-01,96.91
2011-05,2011-05-01,96.83
2011-04,2011-04-01,96.78
2011-03,2011-03-01,96.45
2011-02,2011-02-01,95.67
2011-01,2011-01-01,95.22
2010-12,2010-12-01,95.45
2010-11,2010-11-01,95.02
2010-10,2010-10-01,94.91
2010-09,2010-09-01,94.79
2010-08,2010-08-01,94.86
2010-07,2010-07-01,94.64
2010-06,2010-06-01,94.91
2010-05,2010-05-01,94.92
2010-04,2010-04-01,94.81
2010-03,2010-03-01,94.57
2010-02,2010-02-01,94.11
2010-01,2010-01-01,93.59
2009-12,2009-12-01,93.8
2009-11,2009-11-01,93.55
2009-10,2009-10-01,93.42
2009-09,2009-09-01,93.33
2009-08,2009-08-01,93.56
2009-07,2009-07-01,93.08
2009-06,2009-06-01,93.5
2009-05,2009-05-01,93.38
2009-04,2009-04-01,93.24
2009-03,2009-03-01,93.09
2009-02,2009-02-01,92.92
2009-01,2009-01-01,92.57
2008-12,2008-12-01,92.95
2008-11,2008-11-01,93.18
2008-10,2008-10-01,93.62
2008-09,2008-09-01,93.67
2008-08,2008-08-01,93.73
2008-07,2008-07-01,93.76
2008-06,2008-06-01,93.96
2008-05,2008-05-01,93.62
2008-04,2008-04-01,93.12
2008-03,2008-03-01,92.81
2008-02,2008-02-01,92.12
2008-01,2008-01-01,91.92
2007-12,2007-12-01,92.03
2007-11,2007-11-01,91.69
2007-10,2007-10-01,91.19
2007-09,2007-09-01,90.96
2007-08,2007-08-01,90.86
2007-07,2007-07-01,90.49
2007-06,2007-06-01,90.72
2007-05,2007-05-01,90.61
2007-04,2007-04-01,90.39
2007-03,2007-03-01,89.95
2007-02,2007-02-01,89.57
2007-01,2007-01-01,89.4
2006-12,2006-12-01,89.71
2006-11,2006-11-01,89.5
2006-10,2006-10-01,89.4
2006-09,2006-09-01,89.6
2006-08,2006-08-01,89.8
2006-07,2006-07-01,89.5
2006-06,2006-06-01,89.65
2006-05,2006-05-01,89.65
2006-04,2006-04-01,89.27
2006-03,2006-03-01,88.89
2006-02,2006-02-01,88.64
2006-01,2006-01-01,88.3
2005-12,2005-12-01,88.39
2005-11,2005-11-01,88.28
2005-10,2005-10-01,88.46
2005-09,2005-09-01,88.48
2005-08,2005-08-01,88.14
2005-07,2005-07-01,87.8
2005-06,2005-06-01,87.93
2005-05,2005-05-01,87.83
2005-04,2005-04-01,87.77
2005-03,2005-03-01,87.6
2005-02,2005-02-01,87.05
2005-01,2005-01-01,86.52
2004-12,2004-12-01,87
2004-11,2004-11-01,86.9
2004-10,2004-10-01,86.85
2004-09,2004-09-01,86.63
2004-08,2004-08-01,86.55
2004-07,2004-07-01,86.36
2004-06,2004-06-01,86.5
2004-05,2004-05-01,86.47
2004-04,2004-04-01,86.15
2004-03,2004-03-01,85.93
2004-02,2004-02-01,85.59
2004-01,2004-01-01,85.23
2003-12,2003-12-01,85.23
2003-11,2003-11-01,85.14
2003-10,2003-10-01,85.04
2003-09,2003-09-01,84.86
2003-08,2003-08-01,84.54
2003-07,2003-07-01,84.34
2003-06,2003-06-01,84.43
2003-05,2003-05-01,84.27
2003-04,2003-04-01,84.37
2003-03,2003-03-01,84.49
2003-02,2003-02-01,84.15
2003-01,2003-01-01,83.57
2002-12,2002-12-01,83.41
2002-11,2002-11-01,83.27
2002-10,2002-10-01,83.27
2002-09,2002-09-01,83.14
2002-08,2002-08-01,82.99
2002-07,2002-07-01,82.8
2002-06,2002-06-01,82.8
2002-05,2002-05-01,82.81
2002-04,2002-04-01,82.71
2002-03,2002-03-01,82.4
2002-02,2002-02-01,82.04
2002-01,2002-01-01,81.94
2001-12,2001-12-01,81.56
2001-11,2001-11-01,81.46
2001-10,2001-10-01,81.68
2001-09,2001-09-01,81.63
2001-08,2001-08-01,81.48
2001-07,2001-07-01,81.48
2001-06,2001-06-01,81.65
2001-05,2001-05-01,81.6
2001-04,2001-04-01,81.1
2001-03,2001-03-01,80.71
2001-02,2001-02-01,80.35
2001-01,2001-01-01,80.13
2000-12,2000-12-01,80.47
2000-11,2000-11-01,80.51
2000-10,2000-10-01,80.33
2000-09,2000-09-01,80.43
2000-08,2000-08-01,80.02
2000-07,2000-07-01,79.87
2000-06,2000-06-01,80
2000-05,2000-05-01,79.8
2000-04,2000-04-01,79.64
2000-03,2000-03-01,79.64
2000-02,2000-02-01,79.27
2000-01,2000-01-01,79.17
1999-12,1999-12-01,79.17
1999-11,1999-11-01,78.82
1999-10,1999-10-01,78.79
1999-09,1999-09-01,78.74
1999-08,1999-08-01,78.61
1999-07,1999-07-01,78.48
1999-06,1999-06-01,78.69
1999-05,1999-05-01,78.7
1999-04,1999-04-01,78.69
1999-03,1999-03-01,78.47
1999-02,1999-02-01,78.21
1999-01,1999-01-01,77.97
1998-12,1998-12-01,78.19
1998-11,1998-11-01,78.11
1998-10,1998-10-01,78.16
1998-09,1998-09-01,78.2
1998-08,1998-08-01,78.23
1998-07,1998-07-01,78.18
1998-06,1998-06-01,78.44
1998-05,1998-05-01,78.38
1998-04,1998-04-01,78.36
1998-03,1998-03-01,78.2
1998-02,1998-02-01,78.07
1998-01,1998-01-01,77.78
1997-12,1997-12-01,78.02
1997-11,1997-11-01,77.98
1997-10,1997-10-01,77.85
1997-09,1997-09-01,77.89
1997-08,1997-08-01,77.75
1997-07,1997-07-01,77.55
1997-06,1997-06-01,77.65
1997-05,1997-05-01,77.67
1997-04,1997-04-01,77.56
1997-03,1997-03-01,77.53
1997-02,1997-02-01,77.47
1997-01,1997-01-01,77.31
1996-12,1996-12-01,77.14
1996-11,1996-11-01,76.98
1996-10,1996-10-01,77.05
1996-09,1996-09-01,76.85
1996-08,1996-08-01,76.62
1996-07,1996-07-01,76.77
1996-06,1996-06-01,76.91
1996-05,1996-05-01,77
1996-04,1996-04-01,76.84
1996-03,1996-03-01,76.75
1996-02,1996-02-01,76.26
1996-01,1996-01-01,75.97
1995-12,1995-12-01,75.88
1995-11,1995-11-01,75.81
1995-10,1995-10-01,75.75
1995-09,1995-09-01,75.67
1995-08,1995-08-01,75.4
1995-07,1995-07-01,75.04
1995-06,1995-06-01,75.18
1995-05,1995-05-01,75.18
1995-04,1995-04-01,75.07
1995-03,1995-03-01,74.98
1995-02,1995-02-01,74.75
1995-01,1995-01-01,74.52
1994-12,1994-12-01,74.33
1994-11,1994-11-01,74.35
1994-10,1994-10-01,74.34
1994-09,1994-09-01,74.18
1994-08,1994-08-01,73.95
1994-07,1994-07-01,73.96
1994-06,1994-06-01,73.97
1994-05,1994-05-01,74
1994-04,1994-04-01,73.84
1994-03,1994-03-01,73.64
1994-02,1994-02-01,73.47
1994-01,1994-01-01,73.26
1993-12,1993-12-01,73.17
1993-11,1993-11-01,73.2
1993-10,1993-10-01,73.13
1993-09,1993-09-01,73
1993-08,1993-08-01,72.77
1993-07,1993-07-01,72.77
1993-06,1993-06-01,72.71
1993-05,1993-05-01,72.75
1993-04,1993-04-01,72.65
1993-03,1993-03-01,72.56
1993-02,1993-02-01,72.19
1993-01,1993-01-01,71.94
1992-12,1992-12-01,71.66
1992-11,1992-11-01,71.7
1992-10,1992-10-01,71.63
1992-09,1992-09-01,71.43
1992-08,1992-08-01,71.23
1992-07,1992-07-01,71.27
1992-06,1992-06-01,71.31
1992-05,1992-05-01,71.35
1992-04,1992-04-01,71.12
1992-03,1992-03-01,70.97
1992-02,1992-02-01,70.74
1992-01,1992-01-01,70.44
1991-12,1991-12-01,70.32
1991-11,1991-11-01,70.55
1991-10,1991-10-01,70.28
1991-09,1991-09-01,69.92
1991-08,1991-08-01,69.81
1991-07,1991-07-01,69.73
1991-06,1991-06-01,69.55
1991-05,1991-05-01,69.38
1991-04,1991-04-01,69.16
1991-03,1991-03-01,68.95
1991-02,1991-02-01,68.82
1991-01,1991-01-01,68.64
1990-12,1990-12-01,68.26
1990-11,1990-11-01,68.31
1990-10,1990-10-01,68.42
1990-09,1990-09-01,68.12
1990-08,1990-08-01,67.64
1990-07,1990-07-01,67.2
1990-06,1990-06-01,67.18
1990-05,1990-05-01,67.19
1990-04,1990-04-01,67.09
1990-03,1990-03-01,66.72
1990-02,1990-02-01,66.56
1990-01,1990-01-01,66.42
1989-12,1989-12-01,66.07
1989-11,1989-11-01,65.997
1989-10,1989-10-01,65.887
1989-09,1989-09-01,65.594
1989-08,1989-08-01,65.447
1989-07,1989-07-01,65.337
1989-06,1989-06-01,65.154
1989-05,1989-05-01,65.08
1989-04,1989-04-01,64.824
1989-03,1989-03-01,64.42
1989-02,1989-02-01,64.237
1989-01,1989-01-01,64.054
1988-12,1988-12-01,63.797
1988-11,1988-11-01,63.687
1988-10,1988-10-01,63.614
1988-09,1988-09-01,63.467
1988-08,1988-08-01,63.32
1988-07,1988-07-01,63.137
1988-06,1988-06-01,62.917
1988-05,1988-05-01,62.734
1988-04,1988-04-01,62.587
1988-03,1988-03-01,62.294
1988-02,1988-02-01,62.11
1988-01,1988-01-01,62.001
1987-12,1987-12-01,61.891
1987-11,1987-11-01,61.854
1987-10,1987-10-01,61.781
1987-09,1987-09-01,61.634
1987-08,1987-08-01,61.597
1987-07,1987-07-01,61.451
1987-06,1987-06-01,61.304
1987-05,1987-05-01,61.194
1987-04,1987-04-01,61.084
1987-03,1987-03-01,60.754
1987-02,1987-02-01,60.681
1987-01,1987-01-01,60.571
1986-12,1986-12-01,60.021
1986-11,1986-11-01,59.947
1986-10,1986-10-01,59.874
1986-09,1986-09-01,59.727
1986-08,1986-08-01,59.507
1986-07,1986-07-01,59.434
1986-06,1986-06-01,59.361
1986-05,1986-05-01,59.177
1986-04,1986-04-01,59.031
1986-03,1986-03-01,58.811
1986-02,1986-02-01,58.664
1986-01,1986-01-01,58.811
1985-12,1985-12-01,58.774
1985-11,1985-11-01,58.701
1985-10,1985-10-01,58.591
1985-09,1985-09-01,58.407
1985-08,1985-08-01,58.334
1985-07,1985-07-01,58.261
1985-06,1985-06-01,58.041
1985-05,1985-05-01,57.821
1985-04,1985-04-01,57.527
1985-03,1985-03-01,57.124
1985-02,1985-02-01,56.721
1985-01,1985-01-01,56.427
1984-12,1984-12-01,56.134
1984-11,1984-11-01,56.024
1984-10,1984-10-01,55.841
1984-09,1984-09-01,55.474
1984-08,1984-08-01,55.217
1984-07,1984-07-01,54.924
1984-06,1984-06-01,54.558
1984-05,1984-05-01,54.301
1984-04,1984-04-01,54.008
1984-03,1984-03-01,53.678
1984-02,1984-02-01,53.311
1984-01,1984-01-01,52.981
1983-12,1983-12-01,52.614
1983-11,1983-11-01,52.431
1983-10,1983-10-01,52.211
1983-09,1983-09-01,51.808
1983-08,1983-08-01,51.404
1983-07,1983-07-01,51.111
1983-06,1983-06-01,50.671
1983-05,1983-05-01,50.378
1983-04,1983-04-01,50.048
1983-03,1983-03-01,49.424
1983-02,1983-02-01,48.948
1983-01,1983-01-01,48.618
1982-12,1982-12-01,48.141
1982-11,1982-11-01,47.738
1982-10,1982-10-01,47.298
1982-09,1982-09-01,47.041
1982-08,1982-08-01,46.858
1982-07,1982-07-01,46.711
1982-06,1982-06-01,46.565
1982-05,1982-05-01,46.235
1982-04,1982-04-01,45.868
1982-03,1982-03-01,45.355
1982-02,1982-02-01,44.805
1982-01,1982-01-01,44.365
1981-12,1981-12-01,43.888
1981-11,1981-11-01,43.631
1981-10,1981-10-01,43.265
1981-09,1981-09-01,42.715
1981-08,1981-08-01,42.238
1981-07,1981-07-01,41.725
1981-06,1981-06-01,41.028
1981-05,1981-05-01,40.625
1981-04,1981-04-01,40.258
1981-03,1981-03-01,39.708
1981-02,1981-02-01,39.342
1981-01,1981-01-01,38.975
1980-12,1980-12-01,38.535
1980-11,1980-11-01,38.168
1980-10,1980-10-01,37.912
1980-09,1980-09-01,37.508
1980-08,1980-08-01,37.178
1980-07,1980-07-01,36.812
1980-06,1980-06-01,36.298
1980-05,1980-05-01,36.042
1980-04,1980-04-01,35.748
1980-03,1980-03-01,35.308
1980-02,1980-02-01,34.905
1980-01,1980-01-01,34.538
1979-12,1979-12-01,33.878
1979-11,1979-11-01,33.622
1979-10,1979-10-01,33.402
1979-09,1979-09-01,33.035
1979-08,1979-08-01,32.742
1979-07,1979-07-01,32.412
1979-06,1979-06-01,31.972
1979-05,1979-05-01,31.715
1979-04,1979-04-01,31.385
1979-03,1979-03-01,31.092
1979-02,1979-02-01,30.799
1979-01,1979-01-01,30.579
1978-12,1978-12-01,30.322
1978-11,1978-11-01,30.175
1978-10,1978-10-01,30.029
1978-09,1978-09-01,29.735
1978-08,1978-08-01,29.552
1978-07,1978-07-01,29.369
1978-06,1978-06-01,29.002
1978-05,1978-05-01,28.819
1978-04,1978-04-01,28.525
1978-03,1978-03-01,28.232
1978-02,1978-02-01,27.975
1978-01,1978-01-01,27.755
1977-12,1977-12-01,27.645
1977-11,1977-11-01,27.572
1977-10,1977-10-01,27.462
1977-09,1977-09-01,27.242
1977-08,1977-08-01,27.022
1977-07,1977-07-01,26.875
1977-06,1977-06-01,26.619
1977-05,1977-05-01,26.435
1977-04,1977-04-01,26.179
1977-03,1977-03-01,25.849
1977-02,1977-02-01,25.592
1977-01,1977-01-01,25.446
1976-12,1976-12-01,25.372
1976-11,1976-11-01,25.262
1976-10,1976-10-01,25.079
1976-09,1976-09-01,24.822
1976-08,1976-08-01,24.566
1976-07,1976-07-01,24.382
1976-06,1976-06-01,24.162
1976-05,1976-05-01,24.052
1976-04,1976-04-01,23.906
1976-03,1976-03-01,23.686
1976-02,1976-02-01,23.502
1976-01,1976-01-01,23.319
1975-12,1975-12-01,23.099
1975-11,1975-11-01,22.952
1975-10,1975-10-01,22.806
1975-09,1975-09-01,22.622
1975-08,1975-08-01,22.439
1975-07,1975-07-01,22.292
1975-06,1975-06-01,22.146
1975-05,1975-05-01,21.962
1975-04,1975-04-01,21.816
1975-03,1975-03-01,21.632
1975-02,1975-02-01,21.449
1975-01,1975-01-01,21.302
1974-12,1974-12-01,21.046
1974-11,1974-11-01,20.862
1974-10,1974-10-01,20.679
1974-09,1974-09-01,20.459
1974-08,1974-08-01,20.239
1974-07,1974-07-01,20.056
1974-06,1974-06-01,19.799
1974-05,1974-05-01,19.579
1974-04,1974-04-01,19.359
1974-03,1974-03-01,19.066
1974-02,1974-02-01,18.846
1974-01,1974-01-01,18.589
1973-12,1973-12-01,18.296
1973-11,1973-11-01,18.149
1973-10,1973-10-01,18.003
1973-09,1973-09-01,17.819
1973-08,1973-08-01,17.636
1973-07,1973-07-01,17.526
1973-06,1973-06-01,17.379
1973-05,1973-05-01,17.269
1973-04,1973-04-01,17.086
1973-03,1973-03-01,16.976
1973-02,1973-02-01,16.903
1973-01,1973-01-01,16.866
1972-12,1972-12-01,16.866
1972-11,1972-11-01,16.756
1972-10,1972-10-01,16.646
1972-09,1972-09-01,16.499
1972-08,1972-08-01,16.426
1972-07,1972-07-01,16.316
1972-06,1972-06-01,16.206
1972-05,1972-05-01,16.096
1972-04,1972-04-01,16.023
1972-03,1972-03-01,15.949
1972-02,1972-02-01,15.876
1972-01,1972-01-01,15.803
1971-12,1971-12-01,15.766
1971-11,1971-11-01,15.693
1971-10,1971-10-01,15.619
1971-09,1971-09-01,15.546
1971-08,1971-08-01,15.473
1971-07,1971-07-01,15.399
1971-06,1971-06-01,15.326
1971-05,1971-05-01,15.289
1971-04,1971-04-01,15.179
1971-03,1971-03-01,15.069
1971-02,1971-02-01,15.033
1971-01,1971-01-01,14.923
1970-12,1970-12-01,14.849
1970-11,1970-11-01,14.813
1970-10,1970-10-01,14.739
1970-09,1970-09-01,14.703
1970-08,1970-08-01,14.629
1970-07,1970-07-01,14.593
1970-06,1970-06-01,14.556
1970-05,1970-05-01,14.483
1970-04,1970-04-01,14.409
1970-03,1970-03-01,14.336
1970-02,1970-02-01,14.263
1970-01,1970-01-01,14.226
1969-12,1969-12-01,14.079
1969-11,1969-11-01,14.043
1969-10,1969-10-01,13.969
1969-09,1969-09-01,13.896
1969-08,1969-08-01,13.823
1969-07,1969-07-01,13.786
1969-06,1969-06-01,13.713
1969-05,1969-05-01,13.676
1969-04,1969-04-01,13.639
1969-03,1969-03-01,13.566
1969-02,1969-02-01,13.493
1969-01,1969-01-01,13.456
1968-12,1968-12-01,13.309
1968-11,1968-11-01,13.273
1968-10,1968-10-01,13.236
1968-09,1968-09-01,13.089
1968-08,1968-08-01,13.016
1968-07,1968-07-01,12.943
1968-06,1968-06-01,12.906
1968-05,1968-05-01,12.869
1968-04,1968-04-01,12.796
1968-03,1968-03-01,12.796
1968-02,1968-02-01,12.796
1968-01,1968-01-01,12.759
1967-12,1967-12-01,12.649
1967-11,1967-11-01,12.613
1967-10,1967-10-01,12.539
1967-09,1967-09-01,12.466
1967-08,1967-08-01,12.429
1967-07,1967-07-01,12.393
1967-06,1967-06-01,12.356
1967-05,1967-05-01,12.356
1967-04,1967-04-01,12.319
1967-03,1967-03-01,12.319
1967-02,1967-02-01,12.283
1967-01,1967-01-01,12.283
1966-12,1966-12-01,12.209
1966-11,1966-11-01,12.209
1966-10,1966-10-01,12.136
1966-09,1966-09-01,12.136
1966-08,1966-08-01,12.099
1966-07,1966-07-01,12.099
1966-06,1966-06-01,12.063
1966-05,1966-05-01,12.063
1966-04,1966-04-01,12.026
1966-03,1966-03-01,11.989
1966-02,1966-02-01,11.953
1966-01,1966-01-01,11.953
1965-12,1965-12-01,11.879
1965-11,1965-11-01,11.843
1965-10,1965-10-01,11.843
1965-09,1965-09-01,11.806
1965-08,1965-08-01,11.769
1965-07,1965-07-01,11.806
1965-06,1965-06-01,11.916
1965-05,1965-05-01,11.733
1965-04,1965-04-01,11.696
1965-03,1965-03-01,11.659
1965-02,1965-02-01,11.659
1965-01,1965-01-01,11.623
1964-12,1964-12-01,11.586
1964-11,1964-11-01,11.586
1964-10,1964-10-01,11.586
1964-09,1964-09-01,11.549
1964-08,1964-08-01,11.476
1964-07,1964-07-01,11.476
1964-06,1964-06-01,11.439
1964-05,1964-05-01,11.403
1964-04,1964-04-01,11.403
1964-03,1964-03-01,11.366
1964-02,1964-02-01,11.366
1964-01,1964-01-01,11.366
1963-12,1963-12-01,11.329
1963-11,1963-11-01,11.293
1963-10,1963-10-01,11.256
1963-09,1963-09-01,11.256
1963-08,1963-08-01,11.183
1963-07,1963-07-01,11.146
1963-06,1963-06-01,11.073
1963-05,1963-05-01,11.036
1963-04,1963-04-01,10.963
1963-03,1963-03-01,10.963
1963-02,1963-02-01,10.926
1963-01,1963-01-01,10.853
1962-12,1962-12-01,10.706
1962-11,1962-11-01,10.67
1962-10,1962-10-01,10.56
1962-09,1962-09-01,10.523
1962-08,1962-08-01,10.486
1962-07,1962-07-01,10.523
1962-06,1962-06-01,10.45
1962-05,1962-05-01,10.413
1962-04,1962-04-01,10.376
1962-03,1962-03-01,10.376
1962-02,1962-02-01,10.303
1962-01,1962-01-01,10.303
1961-12,1961-12-01,10.266
1961-11,1961-11-01,10.23
1961-10,1961-10-01,10.12
1961-09,1961-09-01,10.01
1961-08,1961-08-01,9.936
1961-07,1961-07-01,9.9
1961-06,1961-06-01,9.826
1961-05,1961-05-01,9.826
1961-04,1961-04-01,9.863
1961-03,1961-03-01,9.863
1961-02,1961-02-01,9.863
1961-01,1961-01-01,9.863
1960-12,1960-12-01,9.863
1960-11,1960-11-01,9.826
1960-10,1960-10-01,9.79
1960-09,1960-09-01,9.79
1960-08,1960-08-01,9.79
1960-07,1960-07-01,9.68
1960-06,1960-06-01,9.643
1960-05,1960-05-01,9.643
1960-04,1960-04-01,9.68
1960-03,1960-03-01,9.643
1960-02,1960-02-01,9.643
1960-01,1960-01-01,9.643
1959-12,1959-12-01,9.496
1959-11,1959-11-01,9.496
1959-10,1959-10-01,9.46
1959-09,1959-09-01,9.386
1959-08,1959-08-01,9.35
1959-07,1959-07-01,9.276
1959-06,1959-06-01,9.24
1959-05,1959-05-01,9.24
1959-04,1959-04-01,9.276
1959-03,1959-03-01,9.276
1959-02,1959-02-01,9.313
1959-01,1959-01-01,9.203
1958-12,1958-12-01,8.983
1958-11,1958-11-01,8.946
1958-10,1958-10-01,8.983
1958-09,1958-09-01,8.946
1958-08,1958-08-01,8.91
1958-07,1958-07-01,8.873
1958-06,1958-06-01,8.873
1958-05,1958-05-01,8.8
1958-04,1958-04-01,8.8
1958-03,1958-03-01,8.726
1958-02,1958-02-01,8.616
1958-01,1958-01-01,8.506
1957-12,1957-12-01,8.213
1957-11,1957-11-01,8.066
1957-10,1957-10-01,7.883
1957-09,1957-09-01,7.773
1957-08,1957-08-01,7.663
1957-07,1957-07-01,7.59
1957-06,1957-06-01,7.516
1957-05,1957-05-01,7.48
1957-04,1957-04-01,7.443
1957-03,1957-03-01,7.443
1957-02,1957-02-01,7.516
1957-01,1957-01-01,7.516
1956-12,1956-12-01,7.48
1956-11,1956-11-01,7.48
1956-10,1956-10-01,7.48
1956-09,1956-09-01,7.48
1956-08,1956-08-01,7.443
1956-07,1956-07-01,7.406
1956-06,1956-06-01,7.443
1956-05,1956-05-01,7.516
1956-04,1956-04-01,7.443
1956-03,1956-03-01,7.48
1956-02,1956-02-01,7.48
1956-01,1956-01-01,7.406
1955-12,1955-12-01,7.37
1955-11,1955-11-01,7.37
1955-10,1955-10-01,7.37
1955-09,1955-09-01,7.296
1955-08,1955-08-01,7.223
1955-07,1955-07-01,7.223
1955-06,1955-06-01,7.296
1955-05,1955-05-01,7.37
1955-04,1955-04-01,7.296
1955-03,1955-03-01,7.296
1955-02,1955-02-01,7.333
1955-01,1955-01-01,7.333
1954-12,1954-12-01,7.296
1954-11,1954-11-01,7.296
1954-10,1954-10-01,7.223
1954-09,1954-09-01,7.186
1954-08,1954-08-01,7.15
1954-07,1954-07-01,7.15
1954-06,1954-06-01,7.26
1954-05,1954-05-01,7.296
1954-04,1954-04-01,7.186
1954-03,1954-03-01,7.26
1954-02,1954-02-01,7.296
1954-01,1954-01-01,7.223
1953-12,1953-12-01,7.186
1953-11,1953-11-01,7.15
1953-10,1953-10-01,7.113
1953-09,1953-09-01,7.113
1953-08,1953-08-01,7.223
1953-07,1953-07-01,7.26
1953-06,1953-06-01,7.333
1953-05,1953-05-01,7.333
1953-04,1953-04-01,7.296
1953-03,1953-03-01,7.333
1953-02,1953-02-01,7.37
1953-01,1953-01-01,7.37
1952-12,1952-12-01,7.333
1952-11,1952-11-01,7.296
1952-10,1952-10-01,7.296
1952-09,1952-09-01,7.37
1952-08,1952-08-01,7.296
1952-07,1952-07-01,7.223
1952-06,1952-06-01,7.223
1952-05,1952-05-01,7.296
1952-04,1952-04-01,7.406
1952-03,1952-03-01,7.48
1952-02,1952-02-01,7.516
1952-01,1952-01-01,7.26
1951-12,1951-12-01,7.223
1951-11,1951-11-01,7.076
1951-10,1951-10-01,6.856
1951-09,1951-09-01,6.71
1951-08,1951-08-01,6.636
1951-07,1951-07-01,6.563
1951-06,1951-06-01,6.526
1951-05,1951-05-01,6.526
1951-04,1951-04-01,6.343
1951-03,1951-03-01,6.233
1951-02,1951-02-01,6.086
1951-01,1951-01-01,6.013
1950-12,1950-12-01,5.94
1950-09,1950-09-01,5.72
1950-06,1950-06-01,5.39
1950-03,1950-03-01,5.426
1949-12,1949-12-01,5.28
1949-09,1949-09-01,5.06
1949-06,1949-06-01,4.876
1949-03,1949-03-01,4.986
